<Anims>
 <anim name="idle" root="pickaxe" numframes="1000" framerate="40">
  <frame idx="0" w="202" h="554" x="17.656670" y="-102.891602">
   <element name="symbol0" layername="pickaxe" frame="0" z_index="1" m_a="1.000000" m_b="0.000000" m_c="0.000000" m_d="1.000000" m_tx="16.666668" m_ty="-231.250000"/>
  </frame>
  <frame idx="25" w="202" h="554" x="17.656670" y="-102.891602">
   <element name="symbol0" layername="pickaxe" frame="0" z_index="1" m_a="1.000000" m_b="0.000000" m_c="0.000000" m_d="1.000000" m_tx="16.666668" m_ty="-231.250000"/>
  </frame>
  <frame idx="50" w="202" h="554" x="17.656670" y="-102.891602">
   <element name="symbol0" layername="pickaxe" frame="0" z_index="1" m_a="1.000000" m_b="0.000000" m_c="0.000000" m_d="1.000000" m_tx="16.666668" m_ty="-231.250000"/>
  </frame>
  <frame idx="75" w="202" h="554" x="17.656670" y="-102.891602">
   <element name="symbol0" layername="pickaxe" frame="0" z_index="1" m_a="1.000000" m_b="0.000000" m_c="0.000000" m_d="1.000000" m_tx="16.666668" m_ty="-231.250000"/>
  </frame>
  <frame idx="100" w="202" h="554" x="17.656670" y="-102.891602">
   <element name="symbol0" layername="pickaxe" frame="0" z_index="1" m_a="1.000000" m_b="0.000000" m_c="0.000000" m_d="1.000000" m_tx="16.666668" m_ty="-231.250000"/>
  </frame>
  <frame idx="125" w="202" h="554" x="17.656670" y="-102.891602">
   <element name="symbol0" layername="pickaxe" frame="0" z_index="1" m_a="1.000000" m_b="0.000000" m_c="0.000000" m_d="1.000000" m_tx="16.666668" m_ty="-231.250000"/>
  </frame>
  <frame idx="150" w="202" h="554" x="17.656670" y="-102.891602">
   <element name="symbol0" layername="pickaxe" frame="0" z_index="1" m_a="1.000000" m_b="0.000000" m_c="0.000000" m_d="1.000000" m_tx="16.666668" m_ty="-231.250000"/>
  </frame>
  <frame idx="175" w="202" h="554" x="17.656670" y="-102.891602">
   <element name="symbol0" layername="pickaxe" frame="0" z_index="1" m_a="1.000000" m_b="0.000000" m_c="0.000000" m_d="1.000000" m_tx="16.666668" m_ty="-231.250000"/>
  </frame>
  <frame idx="200" w="202" h="554" x="17.656670" y="-102.891602">
   <element name="symbol0" layername="pickaxe" frame="0" z_index="1" m_a="1.000000" m_b="0.000000" m_c="0.000000" m_d="1.000000" m_tx="16.666668" m_ty="-231.250000"/>
  </frame>
  <frame idx="225" w="202" h="554" x="17.656670" y="-102.891602">
   <element name="symbol0" layername="pickaxe" frame="0" z_index="1" m_a="1.000000" m_b="0.000000" m_c="0.000000" m_d="1.000000" m_tx="16.666668" m_ty="-231.250000"/>
  </frame>
  <frame idx="250" w="202" h="554" x="17.656670" y="-102.891602">
   <element name="symbol0" layername="pickaxe" frame="0" z_index="1" m_a="1.000000" m_b="0.000000" m_c="0.000000" m_d="1.000000" m_tx="16.666668" m_ty="-231.250000"/>
  </frame>
  <frame idx="275" w="202" h="554" x="17.656670" y="-102.891602">
   <element name="symbol0" layername="pickaxe" frame="0" z_index="1" m_a="1.000000" m_b="0.000000" m_c="0.000000" m_d="1.000000" m_tx="16.666668" m_ty="-231.250000"/>
  </frame>
  <frame idx="300" w="202" h="554" x="17.656670" y="-102.891602">
   <element name="symbol0" layername="pickaxe" frame="0" z_index="1" m_a="1.000000" m_b="0.000000" m_c="0.000000" m_d="1.000000" m_tx="16.666668" m_ty="-231.250000"/>
  </frame>
  <frame idx="325" w="202" h="554" x="17.656670" y="-102.891602">
   <element name="symbol0" layername="pickaxe" frame="0" z_index="1" m_a="1.000000" m_b="0.000000" m_c="0.000000" m_d="1.000000" m_tx="16.666668" m_ty="-231.250000"/>
  </frame>
  <frame idx="350" w="202" h="554" x="17.656670" y="-102.891602">
   <element name="symbol0" layername="pickaxe" frame="0" z_index="1" m_a="1.000000" m_b="0.000000" m_c="0.000000" m_d="1.000000" m_tx="16.666668" m_ty="-231.250000"/>
  </frame>
  <frame idx="375" w="202" h="554" x="17.656670" y="-102.891602">
   <element name="symbol0" layername="pickaxe" frame="0" z_index="1" m_a="1.000000" m_b="0.000000" m_c="0.000000" m_d="1.000000" m_tx="16.666668" m_ty="-231.250000"/>
  </frame>
  <frame idx="400" w="202" h="554" x="17.656670" y="-102.891602">
   <element name="symbol0" layername="pickaxe" frame="0" z_index="1" m_a="1.000000" m_b="0.000000" m_c="0.000000" m_d="1.000000" m_tx="16.666668" m_ty="-231.250000"/>
  </frame>
  <frame idx="425" w="202" h="554" x="17.656670" y="-102.891602">
   <element name="symbol0" layername="pickaxe" frame="0" z_index="1" m_a="1.000000" m_b="0.000000" m_c="0.000000" m_d="1.000000" m_tx="16.666668" m_ty="-231.250000"/>
  </frame>
  <frame idx="450" w="202" h="554" x="17.656670" y="-102.891602">
   <element name="symbol0" layername="pickaxe" frame="0" z_index="1" m_a="1.000000" m_b="0.000000" m_c="0.000000" m_d="1.000000" m_tx="16.666668" m_ty="-231.250000"/>
  </frame>
  <frame idx="475" w="202" h="554" x="17.656670" y="-102.891602">
   <element name="symbol0" layername="pickaxe" frame="0" z_index="1" m_a="1.000000" m_b="0.000000" m_c="0.000000" m_d="1.000000" m_tx="16.666668" m_ty="-231.250000"/>
  </frame>
  <frame idx="500" w="202" h="554" x="17.656670" y="-102.891602">
   <element name="symbol0" layername="pickaxe" frame="0" z_index="1" m_a="1.000000" m_b="0.000000" m_c="0.000000" m_d="1.000000" m_tx="16.666668" m_ty="-231.250000"/>
  </frame>
  <frame idx="525" w="202" h="554" x="17.656670" y="-102.891602">
   <element name="symbol0" layername="pickaxe" frame="0" z_index="1" m_a="1.000000" m_b="0.000000" m_c="0.000000" m_d="1.000000" m_tx="16.666668" m_ty="-231.250000"/>
  </frame>
  <frame idx="550" w="202" h="554" x="17.656670" y="-102.891602">
   <element name="symbol0" layername="pickaxe" frame="0" z_index="1" m_a="1.000000" m_b="0.000000" m_c="0.000000" m_d="1.000000" m_tx="16.666668" m_ty="-231.250000"/>
  </frame>
  <frame idx="575" w="202" h="554" x="17.656670" y="-102.891602">
   <element name="symbol0" layername="pickaxe" frame="0" z_index="1" m_a="1.000000" m_b="0.000000" m_c="0.000000" m_d="1.000000" m_tx="16.666668" m_ty="-231.250000"/>
  </frame>
  <frame idx="600" w="202" h="554" x="17.656670" y="-102.891602">
   <element name="symbol0" layername="pickaxe" frame="0" z_index="1" m_a="1.000000" m_b="0.000000" m_c="0.000000" m_d="1.000000" m_tx="16.666668" m_ty="-231.250000"/>
  </frame>
  <frame idx="625" w="202" h="554" x="17.656670" y="-102.891602">
   <element name="symbol0" layername="pickaxe" frame="0" z_index="1" m_a="1.000000" m_b="0.000000" m_c="0.000000" m_d="1.000000" m_tx="16.666668" m_ty="-231.250000"/>
  </frame>
  <frame idx="650" w="202" h="554" x="17.656670" y="-102.891602">
   <element name="symbol0" layername="pickaxe" frame="0" z_index="1" m_a="1.000000" m_b="0.000000" m_c="0.000000" m_d="1.000000" m_tx="16.666668" m_ty="-231.250000"/>
  </frame>
  <frame idx="675" w="202" h="554" x="17.656670" y="-102.891602">
   <element name="symbol0" layername="pickaxe" frame="0" z_index="1" m_a="1.000000" m_b="0.000000" m_c="0.000000" m_d="1.000000" m_tx="16.666668" m_ty="-231.250000"/>
  </frame>
  <frame idx="700" w="202" h="554" x="17.656670" y="-102.891602">
   <element name="symbol0" layername="pickaxe" frame="0" z_index="1" m_a="1.000000" m_b="0.000000" m_c="0.000000" m_d="1.000000" m_tx="16.666668" m_ty="-231.250000"/>
  </frame>
  <frame idx="725" w="202" h="554" x="17.656670" y="-102.891602">
   <element name="symbol0" layername="pickaxe" frame="0" z_index="1" m_a="1.000000" m_b="0.000000" m_c="0.000000" m_d="1.000000" m_tx="16.666668" m_ty="-231.250000"/>
  </frame>
  <frame idx="750" w="202" h="554" x="17.656670" y="-102.891602">
   <element name="symbol0" layername="pickaxe" frame="0" z_index="1" m_a="1.000000" m_b="0.000000" m_c="0.000000" m_d="1.000000" m_tx="16.666668" m_ty="-231.250000"/>
  </frame>
  <frame idx="775" w="202" h="554" x="17.656670" y="-102.891602">
   <element name="symbol0" layername="pickaxe" frame="0" z_index="1" m_a="1.000000" m_b="0.000000" m_c="0.000000" m_d="1.000000" m_tx="16.666668" m_ty="-231.250000"/>
  </frame>
  <frame idx="800" w="202" h="554" x="17.656670" y="-102.891602">
   <element name="symbol0" layername="pickaxe" frame="0" z_index="1" m_a="1.000000" m_b="0.000000" m_c="0.000000" m_d="1.000000" m_tx="16.666668" m_ty="-231.250000"/>
  </frame>
  <frame idx="825" w="202" h="554" x="17.656670" y="-102.891602">
   <element name="symbol0" layername="pickaxe" frame="0" z_index="1" m_a="1.000000" m_b="0.000000" m_c="0.000000" m_d="1.000000" m_tx="16.666668" m_ty="-231.250000"/>
  </frame>
  <frame idx="850" w="202" h="554" x="17.656670" y="-102.891602">
   <element name="symbol0" layername="pickaxe" frame="0" z_index="1" m_a="1.000000" m_b="0.000000" m_c="0.000000" m_d="1.000000" m_tx="16.666668" m_ty="-231.250000"/>
  </frame>
  <frame idx="875" w="202" h="554" x="17.656670" y="-102.891602">
   <element name="symbol0" layername="pickaxe" frame="0" z_index="1" m_a="1.000000" m_b="0.000000" m_c="0.000000" m_d="1.000000" m_tx="16.666668" m_ty="-231.250000"/>
  </frame>
  <frame idx="900" w="202" h="554" x="17.656670" y="-102.891602">
   <element name="symbol0" layername="pickaxe" frame="0" z_index="1" m_a="1.000000" m_b="0.000000" m_c="0.000000" m_d="1.000000" m_tx="16.666668" m_ty="-231.250000"/>
  </frame>
  <frame idx="925" w="202" h="554" x="17.656670" y="-102.891602">
   <element name="symbol0" layername="pickaxe" frame="0" z_index="1" m_a="1.000000" m_b="0.000000" m_c="0.000000" m_d="1.000000" m_tx="16.666668" m_ty="-231.250000"/>
  </frame>
  <frame idx="950" w="202" h="554" x="17.656670" y="-102.891602">
   <element name="symbol0" layername="pickaxe" frame="0" z_index="1" m_a="1.000000" m_b="0.000000" m_c="0.000000" m_d="1.000000" m_tx="16.666668" m_ty="-231.250000"/>
  </frame>
  <frame idx="975" w="202" h="554" x="17.656670" y="-102.891602">
   <element name="symbol0" layername="pickaxe" frame="0" z_index="1" m_a="1.000000" m_b="0.000000" m_c="0.000000" m_d="1.000000" m_tx="16.666668" m_ty="-231.250000"/>
  </frame>
 </anim>
</Anims>
